SN,Date,Confirmed_cases_total,Confirmed_cases_new,Confirmed _cases_active,Recoveries_total,Recoveries_daily,Deaths_total,Deaths_daily,RT-PCR_tests_total,RT-PCR_tests_daily,Test_positivity_rate,Recovery_rate,Case_fatality_rate
1,23-Jan,1,1,1,0,0,0,0,,,,0.00,0.00
2,24-Jan,1,0,1,0,0,0,0,,,,0.00,0.00
3,25-Jan,1,0,1,0,0,0,0,,,,0.00,0.00
4,26-Jan,1,0,1,0,0,0,0,,,,0.00,0.00
5,27-Jan,1,0,1,0,0,0,0,,,,0.00,0.00
6,28-Jan,1,0,1,0,0,0,0,3,,33.33,0.00,0.00
7,29-Jan,1,0,0,1,1,0,0,4,1,25.00,100.00,0.00
8,30-Jan,1,0,0,1,0,0,0,5,1,20.00,100.00,0.00
9,31-Jan,1,0,0,1,0,0,0,5,0,20.00,100.00,0.00
10,1-Feb,1,0,0,1,0,0,0,,,,100.00,0.00
11,2-Feb,1,0,0,1,0,0,0,5,,20.00,100.00,0.00
12,3-Feb,1,0,0,1,0,0,0,,,,100.00,0.00
13,4-Feb,1,0,0,1,0,0,0,14,,7.14,100.00,0.00
14,5-Feb,1,0,0,1,0,0,0,14,0,7.14,100.00,0.00
15,6-Feb,1,0,0,1,0,0,0,18,4,5.56,100.00,0.00
16,7-Feb,1,0,0,1,0,0,0,18,0,5.56,100.00,0.00
17,8-Feb,1,0,0,1,0,0,0,,,,100.00,0.00
18,9-Feb,1,0,0,1,0,0,0,18,,5.56,100.00,0.00
19,10-Feb,1,0,0,1,0,0,0,18,0,5.56,100.00,0.00
20,11-Feb,1,0,0,1,0,0,0,18,0,5.56,100.00,0.00
21,12-Feb,1,0,0,1,0,0,0,20,2,5.00,100.00,0.00
22,13-Feb,1,0,0,1,0,0,0,24,4,4.17,100.00,0.00
23,14-Feb,1,0,0,1,0,0,0,24,0,4.17,100.00,0.00
24,15-Feb,1,0,0,1,0,0,0,,,,100.00,0.00
25,16-Feb,1,0,0,1,0,0,0,34,,2.94,100.00,0.00
26,17-Feb,1,0,0,1,0,0,0,34,0,2.94,100.00,0.00
27,18-Feb,1,0,0,1,0,0,0,35,1,2.86,100.00,0.00
28,19-Feb,1,0,0,1,0,0,0,210,175,0.48,100.00,0.00
29,20-Feb,1,0,0,1,0,0,0,212,2,0.47,100.00,0.00
30,21-Feb,1,0,0,1,0,0,0,,,,100.00,0.00
31,22-Feb,1,0,0,1,0,0,0,,,,100.00,0.00
32,23-Feb,1,0,0,1,0,0,0,216,,0.46,100.00,0.00
33,24-Feb,1,0,0,1,0,0,0,217,1,0.46,100.00,0.00
34,25-Feb,1,0,0,1,0,0,0,217,0,0.46,100.00,0.00
35,26-Feb,1,0,0,1,0,0,0,221,4,0.45,100.00,0.00
36,27-Feb,1,0,0,1,0,0,0,221,0,0.45,100.00,0.00
37,28-Feb,1,0,0,1,0,0,0,224,3,0.45,100.00,0.00
38,29-Feb,1,0,0,1,0,0,0,,,,100.00,0.00
39,1-Mar,1,0,0,1,0,0,0,243,,0.41,100.00,0.00
40,2-Mar,1,0,0,1,0,0,0,425,182,0.24,100.00,0.00
41,3-Mar,1,0,0,1,0,0,0,433,8,0.23,100.00,0.00
42,4-Mar,1,0,0,1,0,0,0,433,0,0.23,100.00,0.00
43,5-Mar,1,0,0,1,0,0,0,,,,100.00,0.00
44,6-Mar,1,0,0,1,0,0,0,437,,0.23,100.00,0.00
45,7-Mar,1,0,0,1,0,0,0,,,,100.00,0.00
46,8-Mar,1,0,0,1,0,0,0,,,,100.00,0.00
47,9-Mar,1,0,0,1,0,0,0,,,,100.00,0.00
48,10-Mar,1,0,0,1,0,0,0,445,,0.22,100.00,0.00
49,11-Mar,1,0,0,1,0,0,0,447,2,0.22,100.00,0.00
50,12-Mar,1,0,0,1,0,0,0,450,3,0.22,100.00,0.00
51,13-Mar,1,0,0,1,0,0,0,456,6,0.22,100.00,0.00
52,14-Mar,1,0,0,1,0,0,0,,,,100.00,0.00
53,15-Mar,1,0,0,1,0,0,0,467,,0.21,100.00,0.00
54,16-Mar,1,0,0,1,0,0,0,478,11,0.21,100.00,0.00
55,17-Mar,1,0,0,1,0,0,0,496,18,0.20,100.00,0.00
56,18-Mar,1,0,0,1,0,0,0,512,16,0.20,100.00,0.00
57,19-Mar,1,0,0,1,0,0,0,529,17,0.19,100.00,0.00
58,20-Mar,1,0,0,1,0,0,0,546,17,0.18,100.00,0.00
59,21-Mar,1,0,0,1,0,0,0,,,,100.00,0.00
60,22-Mar,1,0,0,1,0,0,0,572,,0.17,100.00,0.00
61,23-Mar,2,1,1,1,0,0,0,610,38,0.33,50.00,0.00
62,24-Mar,2,0,1,1,0,0,0,610,0,0.33,50.00,0.00
63,25-Mar,3,1,2,1,0,0,0,687,77,0.44,33.33,0.00
64,26-Mar,3,0,2,1,0,0,0,758,71,0.40,33.33,0.00
65,27-Mar,4,1,3,1,0,0,0,802,44,0.50,25.00,0.00
66,28-Mar,5,1,4,1,0,0,0,875,73,0.57,20.00,0.00
67,29-Mar,5,0,4,1,0,0,0,917,42,0.55,20.00,0.00
68,30-Mar,5,0,4,1,0,0,0,993,76,0.50,20.00,0.00
69,31-Mar,5,0,4,1,0,0,0,1060,67,0.47,20.00,0.00
70,1-Apr,5,0,4,1,0,0,0,1145,85,0.44,20.00,0.00
71,2-Apr,6,1,5,1,0,0,0,1185,40,0.51,16.67,0.00
72,3-Apr,6,0,5,1,0,0,0,1264,79,0.47,16.67,0.00
73,4-Apr,9,3,8,1,0,0,0,1521,257,0.59,11.11,0.00
74,5-Apr,9,0,8,1,0,0,0,1642,121,0.55,11.11,0.00
75,6-Apr,9,0,8,1,0,0,0,1890,248,0.48,11.11,0.00
76,7-Apr,9,0,8,1,0,0,0,2122,232,0.42,11.11,0.00
77,8-Apr,9,0,8,1,0,0,0,2366,244,0.38,11.11,0.00
78,9-Apr,9,0,8,1,0,0,0,2895,529,0.31,11.11,0.00
79,10-Apr,9,0,8,1,0,0,0,3525,630,0.26,11.11,0.00
80,11-Apr,9,0,8,1,0,0,0,4426,901,0.20,11.11,0.00
81,12-Apr,12,3,11,1,0,0,0,5184,758,0.23,8.33,0.00
82,13-Apr,14,2,13,1,0,0,0,5691,507,0.25,7.14,0.00
83,14-Apr,16,2,15,1,0,0,0,6299,608,0.25,6.25,0.00
84,15-Apr,16,0,15,1,0,0,0,6871,572,0.23,6.25,0.00
85,16-Apr,16,0,14,2,1,0,0,7240,369,0.22,12.50,0.00
86,17-Apr,30,14,28,2,0,0,0,7458,218,0.40,6.67,0.00
87,18-Apr,31,1,29,2,0,0,0,8013,555,0.39,6.45,0.00
88,19-Apr,31,0,27,4,2,0,0,8081,68,0.38,12.90,0.00
89,20-Apr,31,0,27,4,0,0,0,8414,333,0.37,12.90,0.00
90,21-Apr,42,11,38,4,0,0,0,8763,349,0.48,9.52,0.00
91,22-Apr,45,3,38,7,3,0,0,9014,251,0.50,15.56,0.00
92,23-Apr,48,3,39,9,2,0,0,9200,186,0.52,18.75,0.00
93,24-Apr,49,1,39,10,1,0,0,9406,206,0.52,20.41,0.00
94,25-Apr,49,0,37,12,2,0,0,9666,260,0.51,24.49,0.00
95,26-Apr,52,3,36,16,4,0,0,9931,265,0.52,30.77,0.00
96,27-Apr,52,0,36,16,0,0,0,10471,540,0.50,30.77,0.00
97,28-Apr,54,2,38,16,0,0,0,10807,336,0.50,29.63,0.00
98,29-Apr,57,3,41,16,0,0,0,11524,717,0.49,28.07,0.00
99,30-Apr,57,0,41,16,0,0,0,12011,487,0.47,28.07,0.00
100,1-May,59,2,43,16,0,0,0,12577,566,0.47,27.12,0.00
101,2-May,59,0,43,16,0,0,0,13098,521,0.45,27.12,0.00
102,3-May,75,16,59,16,0,0,0,13424,326,0.56,21.33,0.00
103,4-May,75,0,59,16,0,0,0,13640,216,0.55,21.33,0.00
104,5-May,82,7,66,16,0,0,0,13850,210,0.59,19.51,0.00
105,6-May,99,17,77,22,6,0,0,14096,246,0.70,22.22,0.00
106,7-May,101,2,79,22,0,0,0,14511,415,0.70,21.78,0.00
107,8-May,102,1,71,31,9,0,0,15492,981,0.66,30.39,0.00
108,9-May,109,7,78,31,0,0,0,16309,817,0.67,28.44,0.00
109,10-May,110,1,79,31,0,0,0,16898,589,0.65,28.18,0.00
110,11-May,134,24,101,33,2,0,0,17809,911,0.75,24.63,0.00
111,12-May,217,83,184,33,0,0,0,18964,1155,1.14,15.21,0.00
112,13-May,243,26,208,35,2,0,0,21340,2376,1.14,14.40,0.00
113,14-May,249,6,214,35,0,0,0,22664,1324,1.10,14.06,0.00
114,15-May,267,18,231,36,1,0,0,23914,1250,1.12,13.48,0.00
115,16-May,281,14,244,36,0,1,1,26691,2777,1.05,12.81,0.36
116,17-May,295,14,257,36,0,2,1,28161,1470,1.05,12.20,0.68
117,18-May,375,80,337,36,0,2,0,30724,2563,1.22,9.60,0.53
118,19-May,402,27,363,37,1,2,0,33006,2282,1.22,9.20,0.50
119,20-May,427,25,380,45,8,2,0,35494,2488,1.20,10.54,0.47
120,21-May,457,30,405,49,4,3,1,38737,3243,1.18,10.72,0.66
121,22-May,516,59,443,70,21,3,0,42517,3780,1.21,13.57,0.58
122,23-May,584,68,511,70,0,3,0,45957,3440,1.27,11.99,0.51
123,24-May,603,19,513,87,17,3,0,48815,2858,1.24,14.43,0.50
124,25-May,682,79,566,112,25,4,1,51642,2827,1.32,16.42,0.59
125,26-May,772,90,613,155,43,4,0,54697,3055,1.41,20.08,0.52
126,27-May,886,114,699,183,28,4,0,58277,3580,1.52,20.65,0.45
127,28-May,1042,156,850,187,4,5,1,60916,2639,1.71,17.95,0.48
128,29-May,1212,170,1000,206,19,6,1,64154,3238,1.89,17.00,0.50
129,30-May,1401,189,1176,219,13,6,0,66729,2575,2.10,15.63,0.43
130,31-May,1572,171,1344,220,1,8,2,69587,2858,2.26,13.99,0.51
131,1-Jun,1811,239,1582,221,1,8,0,71903,2316,2.52,12.20,0.44
132,2-Jun,2099,288,1825,266,45,8,0,75343,3440,2.79,12.67,0.38
133,3-Jun,2300,201,2013,278,12,9,1,80267,4924,2.87,12.09,0.39
134,4-Jun,2634,334,2334,290,12,10,1,84134,3867,3.13,11.01,0.38
135,5-Jun,2912,278,2568,333,43,11,1,88366,4232,3.30,11.44,0.38
136,6-Jun,3235,323,2857,365,32,13,2,92477,4111,3.50,11.28,0.40
137,7-Jun,3448,213,2968,467,102,13,0,96205,3728,3.58,13.54,0.38
138,8-Jun,3762,314,3260,488,21,14,1,100971,4766,3.73,12.97,0.37
139,9-Jun,4085,323,3486,584,96,15,1,106330,5359,3.84,14.30,0.37
140,10-Jun,4364,279,3675,674,90,15,0,110744,4414,3.94,15.44,0.34
141,11-Jun,4614,250,3738,861,187,15,0,115937,5193,3.98,18.66,0.33
142,12-Jun,5062,448,4169,877,16,16,1,121862,5925,4.15,17.33,0.32
143,13-Jun,5335,273,4404,913,36,18,2,127288,5426,4.19,17.11,0.34
144,14-Jun,5760,425,4767,974,61,19,1,133377,6089,4.32,16.91,0.33
145,15-Jun,6211,451,5151,1041,67,19,0,138683,5306,4.48,16.76,0.31
146,16-Jun,6591,380,5414,1158,117,19,0,143738,5055,4.59,17.57,0.29
147,17-Jun,7177,586,5990,1167,9,20,1,149772,6034,4.79,16.26,0.28
148,18-Jun,7848,671,6640,1186,19,22,2,155518,5746,5.05,15.11,0.28
149,19-Jun,8274,426,6850,1402,216,22,0,161749,6231,5.12,16.94,0.27
150,20-Jun,8605,331,7005,1578,176,22,0,169165,7416,5.09,18.34,0.26
151,21-Jun,9026,421,7231,1772,194,23,1,175173,6008,5.15,19.63,0.25
152,22-Jun,9561,535,7390,2148,376,23,0,181371,6198,5.27,22.47,0.24
153,23-Jun,10099,538,7851,2224,76,24,1,186366,4995,5.42,22.02,0.24
154,24-Jun,10728,629,8366,2338,114,24,0,193194,6828,5.55,21.79,0.22
155,25-Jun,11162,434,8486,2650,312,26,2,199737,6543,5.59,23.74,0.23
156,26-Jun,11755,593,9030,2698,48,27,1,206271,6534,5.70,22.95,0.23
157,27-Jun,12309,554,9447,2834,136,28,1,210877,4606,5.84,23.02,0.23
158,28-Jun,12772,463,9731,3013,179,28,0,215839,4962,5.92,23.59,0.22
159,29-Jun,13248,476,10085,3134,121,29,1,223630,7791,5.92,23.66,0.22
160,30-Jun,13564,316,10341,3194,60,29,0,228341,4711,5.94,23.55,0.21
161,1-Jul,14046,482,10360,3656,462,30,1,233227,4886,6.02,26.03,0.21
162,2-Jul,14519,473,9168,5320,1664,31,1,237764,4537,6.11,36.64,0.21
163,3-Jul,15259,740,9084,6143,823,32,1,242247,4483,6.30,40.26,0.21
164,4-Jul,15491,232,9042,6415,272,34,2,246297,4050,6.29,41.41,0.22
165,5-Jul,15784,293,9203,6547,132,34,0,251007,4710,6.29,41.48,0.22
166,6-Jul,15964,180,9118,6811,264,35,1,255728,4721,6.24,42.66,0.22
167,7-Jul,16168,204,8634,7499,688,35,0,261861,6133,6.17,46.38,0.22
168,8-Jul,16423,255,8636,7752,253,35,0,266557,4696,6.16,47.20,0.21
169,9-Jul,16531,108,8605,7891,139,35,0,271145,4588,6.10,47.73,0.21
170,10-Jul,16649,118,8603,8011,120,35,0,275951,4806,6.03,48.12,0.21
171,11-Jul,16719,70,8239,8442,431,38,3,279599,3648,5.98,50.49,0.23
172,12-Jul,16801,82,8174,8589,147,38,0,283515,3916,5.93,51.12,0.23
173,13-Jul,16945,144,6613,10294,1705,38,0,289371,5856,5.86,60.75,0.22
174,14-Jul,17061,116,6695,10328,34,38,0,293739,4368,5.81,60.54,0.22
175,15-Jul,17177,116,6113,11025,697,39,1,298829,5090,5.75,64.18,0.23
176,16-Jul,17344,167,6056,11249,224,39,0,303810,4981,5.71,64.86,0.22
177,17-Jul,17445,101,5871,11534,285,40,1,308498,4688,5.65,66.12,0.23
178,18-Jul,17502,57,5825,11637,103,40,0,311829,3331,5.61,66.49,0.23
179,19-Jul,17658,156,5923,11695,58,40,0,315570,3741,5.60,66.23,0.23
180,20-Jul,17844,186,5936,11868,173,40,0,319872,4302,5.58,66.51,0.22
181,21-Jul,17994,150,5477,12477,609,40,0,323835,3963,5.56,69.34,0.22
182,22-Jul,18094,100,5368,12684,207,42,2,327614,3779,5.52,70.10,0.23
183,23-Jul,18241,147,5358,12840,156,43,1,331095,3481,5.51,70.39,0.24
184,24-Jul,18374,133,5383,12947,107,44,1,335082,3987,5.48,70.46,0.24
185,25-Jul,18483,109,5385,13053,106,45,1,339157,4075,5.45,70.62,0.24
186,26-Jul,18613,130,5440,13128,75,45,0,342457,3300,5.44,70.53,0.24
187,27-Jul,18752,139,4950,13754,626,48,3,347275,4818,5.40,73.35,0.26
188,28-Jul,19063,311,5139,13875,121,49,1,352307,5032,5.41,72.78,0.26
189,29-Jul,19273,210,5203,14021,146,49,0,358344,6037,5.38,72.75,0.25
190,30-Jul,19547,274,5247,14248,227,52,3,364648,6304,5.36,72.89,0.27
191,31-Jul,19771,224,5316,14399,151,56,4,375416,10768,5.27,72.83,0.28
192,1-Aug,20086,315,5538,14492,93,56,0,382409,6993,5.25,72.15,0.28
193,2-Aug,20332,246,5672,14603,111,57,1,391270,8861,5.20,71.82,0.28
194,3-Aug,20750,418,5732,14961,358,57,0,398907,7637,5.20,72.10,0.27
195,4-Aug,21009,259,5925,15026,65,58,1,406594,7687,5.17,71.52,0.28
196,5-Aug,21390,381,6174,15156,130,60,2,412953,6359,5.18,70.86,0.28
197,6-Aug,21750,360,6296,15389,233,65,5,419575,6622,5.18,70.75,0.30
198,7-Aug,22214,464,6330,15814,425,70,5,427501,7926,5.20,71.19,0.32
199,8-Aug,22592,378,6206,16313,499,73,3,435289,7788,5.19,72.21,0.32
200,9-Aug,22972,380,6544,16353,40,75,2,443804,8515,5.18,71.19,0.33
201,10-Aug,23310,338,6738,16493,140,79,4,452236,8432,5.15,70.76,0.34
202,11-Aug,23948,638,7201,16664,171,83,4,462698,10462,5.18,69.58,0.35
203,12-Aug,24432,484,7613,16728,64,91,8,473179,10481,5.16,68.47,0.37
204,13-Aug,24957,525,8025,16837,109,95,4,483038,9859,5.17,67.46,0.38
205,14-Aug,25551,594,8375,17077,240,99,4,494613,11575,5.17,66.83,0.39
206,15-Aug,26019,468,8716,17201,124,102,3,505660,11047,5.15,66.11,0.39
207,16-Aug,26660,641,9221,17335,134,104,2,517907,12247,5.15,65.02,0.39
208,17-Aug,27241,581,9639,17495,160,107,3,529427,11520,5.15,64.22,0.39
209,18-Aug,28257,1016,10563,17580,85,114,7,542866,13439,5.21,62.21,0.40
210,19-Aug,28938,681,11118,17700,120,120,6,554388,11522,5.22,61.17,0.41
211,20-Aug,29645,707,11555,17964,264,126,6,566220,11832,5.24,60.60,0.43
212,21-Aug,30483,838,12132,18214,250,137,11,579899,13679,5.26,59.75,0.45
213,22-Aug,31117,634,12621,18350,136,146,9,592418,12519,5.25,58.97,0.47
214,23-Aug,31935,818,13155,18631,281,149,3,600444,8026,5.32,58.34,0.47
215,24-Aug,32678,743,13715,18806,175,157,8,610469,10025,5.35,57.55,0.48
216,25-Aug,33533,855,14250,19119,313,164,7,621901,11432,5.39,57.02,0.49
217,26-Aug,34418,885,14739,19504,385,175,11,635252,13351,5.42,56.67,0.51
218,27-Aug,35529,1111,15273,20073,569,183,8,647881,12629,5.48,56.50,0.52
219,28-Aug,36456,927,16019,20242,169,195,12,658110,10229,5.54,55.52,0.53
220,29-Aug,37340,884,16578,20555,313,207,12,669626,11516,5.58,55.05,0.55
221,30-Aug,38561,1221,17518,20822,267,221,14,682343,12717,5.65,54.00,0.57
222,31-Aug,39460,899,17822,21410,588,228,7,693472,11129,5.69,54.26,0.58
223,1-Sep,40529,1069,18112,22178,768,239,11,705560,12088,5.74,54.72,0.59
224,2-Sep,41649,1120,18108,23290,1112,251,12,718439,12879,5.80,55.92,0.60
225,3-Sep,42877,1228,18413,24207,917,257,6,731852,13413,5.86,56.46,0.60
226,4-Sep,44236,1359,18404,25561,1354,271,14,745490,13638,5.93,57.78,0.61
227,5-Sep,45277,1041,17870,27127,1566,280,9,757963,12473,5.97,59.91,0.62
228,6-Sep,46257,980,17027,28941,1814,289,9,768345,10382,6.02,62.57,0.62
229,7-Sep,47236,979,16259,30677,1736,300,11,777563,9218,6.07,64.94,0.64
230,8-Sep,48138,902,14868,32964,2287,306,6,788174,10611,6.11,68.48,0.64
231,9-Sep,49219,1081,15025,33882,918,312,6,799341,11167,6.16,68.84,0.63
232,10-Sep,50465,1246,14448,35700,1818,317,5,810485,11144,6.23,70.74,0.63
233,11-Sep,51919,1454,14925,36672,972,322,5,821186,10701,6.32,70.63,0.62
234,12-Sep,53120,1201,15260,37524,852,336,14,831362,10176,6.39,70.64,0.63
235,13-Sep,54159,1039,15117,38697,1173,345,9,840527,9165,6.44,71.45,0.64
236,14-Sep,55329,1170,15393,39576,879,360,15,851405,10878,6.50,71.53,0.65
237,15-Sep,56788,1459,15779,40638,1062,371,11,861780,10375,6.59,71.56,0.65
238,16-Sep,58327,1539,16242,41706,1068,379,8,872274,10494,6.69,71.50,0.65
239,17-Sep,59573,1246,16241,42949,1243,383,4,882915,10641,6.75,72.09,0.64
240,18-Sep,61593,2020,17383,43820,871,390,7,894373,11458,6.89,71.14,0.63
241,19-Sep,62797,1204,17129,45267,1447,401,11,904706,10333,6.94,72.08,0.64
242,20-Sep,64122,1325,17478,46233,966,411,10,914290,9584,7.01,72.10,0.64
243,21-Sep,65276,1154,17611,47238,1005,427,16,923823,9533,7.07,72.37,0.65
244,22-Sep,66632,1356,18142,48061,823,429,2,934977,11154,7.13,72.13,0.64
245,23-Sep,67804,1172,17414,49954,1893,436,7,944474,9497,7.18,73.67,0.64
246,24-Sep,69301,1497,18437,50411,457,453,17,955923,11449,7.25,72.74,0.65
247,25-Sep,70614,1313,18289,51866,1455,459,6,968185,12262,7.29,73.45,0.65
248,26-Sep,71821,1207,18341,53013,1147,467,8,978204,10019,7.34,73.81,0.65
249,27-Sep,73394,1573,19019,53898,885,477,10,988327,10123,7.43,73.44,0.65
250,28-Sep,74745,1351,19624,54640,742,481,4,998407,10080,7.49,73.10,0.64
251,29-Sep,76258,1513,20396,55371,731,491,10,1009298,10891,7.56,72.61,0.64
252,30-Sep,77817,1559,20891,56428,1057,498,7,1021503,12205,7.62,72.51,0.64
253,1-Oct,79728,1911,21830,57389,961,509,11,1033947,12444,7.71,71.98,0.64
254,2-Oct,82450,2722,21234,60696,3307,520,11,1048686,14739,7.86,73.62,0.63
255,3-Oct,84570,2120,21302,62740,2044,528,8,1061664,12978,7.97,74.19,0.62
256,4-Oct,86823,2253,22219,64069,1329,535,7,1074448,12784,8.08,73.79,0.62
257,5-Oct,89263,2440,23507,65202,1133,554,19,1088229,13781,8.20,73.04,0.62
258,6-Oct,90814,1551,22709,67542,2340,563,9,1099276,11047,8.26,74.37,0.62
259,7-Oct,94253,3439,25007,68668,1126,578,15,1113486,14210,8.46,72.85,0.61
260,8-Oct,98617,4364,26684,71343,2675,590,12,1131958,18472,8.71,72.34,0.60
261,9-Oct,100676,2059,27053,73023,1680,600,10,1145237,13279,8.79,72.53,0.60
262,10-Oct,105684,5008,30818,74252,1229,614,14,1164557,19320,9.08,70.26,0.58
263,11-Oct,107755,2071,31315,75804,1552,636,22,1176984,12427,9.16,70.35,0.59
264,12-Oct,111802,4047,33880,77277,1473,645,9,1191514,14530,9.38,69.12,0.58
265,13-Oct,115358,3556,35915,78780,1503,663,18,1207091,15577,9.56,68.29,0.57
266,14-Oct,117996,2638,36367,80954,2174,675,12,1221038,13947,9.66,68.61,0.57
267,15-Oct,121745,3749,36533,84518,3564,694,19,1237636,16598,9.84,69.42,0.57
268,16-Oct,126137,4392,37382,88040,3522,715,21,1254167,16531,10.06,69.80,0.57
269,17-Oct,129304,3167,38737,89840,1800,727,12,1269605,15438,10.18,69.48,0.56
270,18-Oct,132246,2942,39341,92166,2326,739,12,1283354,13749,10.30,69.69,0.56
271,19-Oct,136036,3790,40778,94501,2335,757,18,1300918,17564,10.46,69.47,0.56
272,20-Oct,139129,3093,41755,96609,2108,765,8,1314779,13861,10.58,69.44,0.55
273,21-Oct,144872,5743,44476,99605,2996,791,26,1334897,20118,10.85,68.75,0.55
274,22-Oct,148509,3637,44877,102820,3215,812,21,1350152,15255,11.00,69.23,0.55
275,23-Oct,153008,4499,46691,105488,2668,829,17,1367016,16864,11.19,68.94,0.54
276,24-Oct,155233,2225,46057,108334,2846,842,13,1380862,13846,11.24,69.79,0.54
277,25-Oct,158089,2856,45572,111670,3336,847,5,1393173,12311,11.35,70.64,0.54
278,26-Oct,159830,1741,43293,115675,4005,862,15,1398179,5006,11.43,72.37,0.54
279,27-Oct,160400,570,40681,118843,3168,876,14,1400694,2515,11.45,74.09,0.55
280,28-Oct,162354,1954,39643,121824,2981,887,11,1409295,8601,11.52,75.04,0.55
281,29-Oct,164718,2364,38952,124862,3038,904,17,1419064,9769,11.61,75.80,0.55
282,30-Oct,168235,3517,38357,128958,4096,920,16,1434053,14989,11.73,76.65,0.55
283,31-Oct,170743,2508,38584,131222,2264,937,17,1443343,9290,11.83,76.85,0.55
284,1-Nov,173567,2824,37765,134842,3620,960,23,1456366,13023,11.92,77.69,0.55
285,2-Nov,176500,2933,37524,137992,3150,984,24,1469812,13446,12.01,78.18,0.56
286,3-Nov,179614,3114,37476,141134,3142,1004,20,1480978,11166,12.13,78.58,0.56
287,4-Nov,182923,3309,36911,144978,3844,1034,30,1494122,13144,12.24,79.26,0.57
288,5-Nov,185974,3051,36514,148408,3430,1052,18,1507190,13068,12.34,79.80,0.57
289,6-Nov,188883,2909,34905,152908,4500,1070,18,1517343,10153,12.45,80.95,0.57
290,7-Nov,191636,2753,35435,155114,2206,1087,17,1527766,10423,12.54,80.94,0.57
291,8-Nov,194453,2817,35419,157926,2812,1108,21,1540077,12311,12.63,81.22,0.57
292,9-Nov,197024,2571,36174,159724,1798,1126,18,1551254,11177,12.70,81.07,0.57
293,10-Nov,199760,2736,38035,160577,853,1148,22,1564214,12960,12.77,80.38,0.57
294,11-Nov,202329,2569,38912,162243,1666,1174,26,1574295,10081,12.85,80.19,0.58
295,12-Nov,204242,1913,38461,164592,2349,1189,15,1584317,10022,12.89,80.59,0.58
296,13-Nov,206353,2111,37022,168129,3537,1202,13,1593850,9533,12.95,81.48,0.58
297,14-Nov,208299,1946,36452,170632,2503,1215,13,1602603,8753,13.00,81.92,0.58
298,15-Nov,209776,1477,35125,173430,2798,1221,6,1609079,6476,13.04,82.67,0.58
299,16-Nov,210973,1197,33379,176364,2934,1230,9,1613911,4832,13.07,83.60,0.58
300,17-Nov,211475,502,30986,179242,2878,1247,17,1617023,3112,13.08,84.76,0.59
301,18-Nov,212917,1442,28878,182780,3538,1259,12,1623754,6731,13.11,85.85,0.59
302,19-Nov,215020,2103,28106,185638,2858,1276,17,1633559,9805,13.16,86.34,0.59
303,20-Nov,216965,1945,24665,191002,5364,1298,22,1643899,10340,13.20,88.03,0.60
304,21-Nov,218639,1674,24009,193325,2323,1305,7,1652043,8144,13.23,88.42,0.60
305,22-Nov,220308,1669,19963,199024,5699,1321,16,1660075,8032,13.27,90.34,0.60
306,23-Nov,222288,1980,18884,202067,3043,1337,16,1670456,10381,13.31,90.90,0.60
307,24-Nov,224078,1790,17859,204858,2791,1361,24,1681299,10843,13.33,91.42,0.61
308,25-Nov,226026,1948,16639,207998,3140,1389,28,1690509,9210,13.37,92.02,0.61
309,26-Nov,227640,1614,16793,209435,1437,1412,23,1700000,9491,13.39,92.00,0.62
310,27-Nov,229343,1703,17237,210671,1236,1435,23,1710460,10460,13.41,91.86,0.63
311,28-Nov,230723,1380,18083,211186,515,1454,19,1719828,9368,13.42,91.53,0.63
312,29-Nov,231978,1255,17909,212590,1404,1479,25,1727836,8008,13.43,91.64,0.64
313,30-Nov,233452,1474,17423,214521,1931,1508,29,1737747,9911,13.43,91.89,0.65
314,1-Dec,234756,1304,16633,216594,2073,1529,21,1746330,8583,13.44,92.26,0.65
315,2-Dec,236246,1490,16547,218161,1567,1538,9,1754630,8300,13.46,92.34,0.65
316,3-Dec,237589,1343,15766,220272,2111,1551,13,1763919,9289,13.47,92.71,0.65
317,4-Dec,238861,1272,15447,221847,1575,1567,16,1771950,8031,13.48,92.88,0.66
318,5-Dec,239885,1024,14255,224053,2206,1577,10,1778024,6074,13.49,93.40,0.66
319,6-Dec,240981,1096,13582,225805,1752,1594,17,1784519,6495,13.50,93.70,0.66
320,7-Dec,241995,1014,12948,227433,1628,1614,20,1790739,6220,13.51,93.98,0.67
321,8-Dec,243377,1382,12686,229054,1621,1637,23,1799686,8947,13.52,94.11,0.67
322,9-Dec,244433,1056,12245,230537,1483,1651,14,1805972,6286,13.53,94.32,0.68
323,10-Dec,245650,1217,12386,231601,1064,1663,12,1813204,7232,13.55,94.28,0.68
324,11-Dec,246694,1044,12148,232872,1271,1674,11,1820618,7414,13.55,94.40,0.68
325,12-Dec,247593,899,11673,234231,1359,1689,15,1825860,5242,13.56,94.60,0.68
326,13-Dec,248423,830,10994,235731,1500,1698,9,1831041,5181,13.57,94.89,0.68
327,14-Dec,249244,821,10955,236573,842,1716,18,1836464,5423,13.57,94.92,0.69
328,15-Dec,250180,936,9881,238569,1996,1730,14,1843581,7117,13.57,95.36,0.69
329,16-Dec,250916,736,9757,239416,847,1743,13,1849136,5555,13.57,95.42,0.69
330,17-Dec,251692,776,9580,240363,947,1749,6,1855724,6588,13.56,95.50,0.69
331,18-Dec,252474,782,9317,241392,1029,1765,16,1861430,5706,13.56,95.61,0.70
332,19-Dec,253184,710,8840,242567,1175,1777,12,1866210,4780,13.57,95.81,0.70
333,20-Dec,253772,588,8320,243664,1097,1788,11,1870830,4620,13.56,96.02,0.70
334,21-Dec,254514,742,7976,244743,1079,1795,7,1877181,6351,13.56,96.16,0.71
335,22-Dec,255236,722,7729,245709,966,1798,3,1884181,7000,13.55,96.27,0.70
336,23-Dec,255979,743,7515,246661,952,1803,5,1890740,6559,13.54,96.36,0.70
337,24-Dec,256592,613,7384,247400,739,1808,5,1896250,5510,13.53,96.42,0.70
338,25-Dec,257200,608,7092,248292,892,1816,8,1900392,4142,13.53,96.54,0.71
339,26-Dec,257700,500,6749,249132,840,1819,3,1905826,5434,13.52,96.68,0.71
340,27-Dec,258181,481,6493,249863,731,1825,6,1909654,3828,13.52,96.78,0.71
341,28-Dec,258840,659,6427,250581,718,1832,7,1915232,5578,13.51,96.81,0.71
342,29-Dec,259548,708,6396,251312,731,1840,8,1921367,6135,13.51,96.83,0.71
343,30-Dec,260059,511,6300,251912,600,1847,7,1926477,5110,13.50,96.87,0.71
344,31-Dec,260593,534,6378,252359,447,1856,9,1932477,6000,13.48,96.84,0.71
345,1-Jan,261019,426,6048,253107,748,1864,8,1937702,5225,13.47,96.97,0.71
346,2-Jan,261438,419,5711,253857,750,1870,6,1942702,5000,13.46,97.10,0.72
347,3-Jan,261859,421,5487,254494,637,1878,8,1948502,5800,13.44,97.19,0.72
348,4-Jan,262262,403,5289,255088,594,1885,7,1952903,4401,13.43,97.26,0.72
349,5-Jan,262784,522,5225,255666,578,1893,8,1957454,4551,13.42,97.29,0.72
350,6-Jan,263193,409,5133,256161,495,1899,6,1964160,6706,13.40,97.33,0.72
351,7-Jan,263605,412,5058,256644,483,1903,4,1969292,5132,13.39,97.36,0.72
352,8-Jan,264159,554,5021,257229,585,1909,6,1974561,5269,13.38,97.38,0.72
353,9-Jan,264521,362,4681,257928,699,1912,3,1978847,4286,13.37,97.51,0.72
354,10-Jan,264780,259,4422,258441,513,1917,5,1982246,3399,13.36,97.61,0.72
355,11-Jan,265268,488,4373,258968,527,1927,10,1987555,5309,13.35,97.63,0.73
356,12-Jan,265698,430,4408,259358,390,1932,5,1992855,5300,13.33,97.61,0.73
357,13-Jan,266143,445,4434,259772,414,1937,5,1997009,4154,13.33,97.61,0.73
358,14-Jan,266546,403,4426,260177,405,1943,6,2002041,5032,13.31,97.61,0.73
359,15-Jan,266816,270,4301,260567,390,1948,5,2005125,3084,13.31,97.66,0.73
360,16-Jan,267056,240,4058,261044,477,1954,6,2008944,3819,13.29,97.75,0.73
361,17-Jan,267322,266,3919,261444,400,1959,5,2012452,3508,13.28,97.80,0.73
362,18-Jan,267644,322,3861,261818,374,1965,6,2016758,4306,13.27,97.82,0.73
363,19-Jan,267992,348,3764,262259,441,1969,4,2021714,4956,13.26,97.86,0.73
364,20-Jan,268310,318,3693,262642,383,1975,6,2026726,5012,13.24,97.89,0.74
365,21-Jan,268646,336,3799,262868,226,1979,4,2031756,5030,13.22,97.85,0.74
366,22-Jan,268948,302,3614,263348,480,1986,7,2035301,3545,13.21,97.92,0.74
367,23-Jan,269180,232,3452,263734,386,1994,8,2038842,3541,13.20,97.98,0.74
368,24-Jan,269450,270,3312,264137,403,2001,7,2043255,4413,13.19,98.03,0.74
369,25-Jan,269789,339,3240,264538,401,2011,10,2048113,4858,13.17,98.05,0.75
370,26-Jan,270092,303,3252,264823,285,2017,6,2052687,4574,13.16,98.05,0.75
371,27-Jan,270375,283,3286,265069,246,2020,3,2057069,4382,13.14,98.04,0.75
372,28-Jan,270588,213,3203,265365,296,2020,0,2060860,3791,13.13,98.07,0.75
373,29-Jan,270745,157,3022,265698,333,2025,5,2064081,3221,13.12,98.14,0.75
374,30-Jan,270854,109,2779,266048,350,2027,2,2067699,3618,13.10,98.23,0.75
375,31-Jan,270959,105,2594,266336,288,2029,2,2071007,3308,13.08,98.29,0.75
376,1-Feb,271118,159,2489,266600,264,2029,0,2075152,4145,13.06,98.33,0.75
377,2-Feb,271289,171,2400,266859,259,2030,1,2078098,2946,13.05,98.37,0.75
378,3-Feb,271431,142,2335,267065,206,2031,1,2081695,3597,13.04,98.39,0.75
379,4-Feb,271602,171,2277,267292,227,2033,2,2085573,3878,13.02,98.41,0.75
380,5-Feb,271707,105,2108,267564,272,2035,2,2088372,2799,13.01,98.48,0.75
381,6-Feb,271806,99,1959,267812,248,2035,0,2091166,2794,13.00,98.53,0.75
382,7-Feb,271925,119,1815,268072,260,2038,3,2093417,2251,12.99,98.58,0.75
383,8-Feb,272055,130,1744,268266,194,2045,7,2096750,3333,12.98,98.61,0.75
384,9-Feb,272215,160,1737,268431,165,2047,2,2101059,4309,12.96,98.61,0.75
385,10-Feb,272349,134,1753,268549,118,2047,0,2104626,3567,12.94,98.60,0.75
386,11-Feb,272430,81,1718,268660,111,2052,5,2107649,3023,12.93,98.62,0.75
387,12-Feb,272557,127,1707,268796,136,2054,2,2111649,4000,12.91,98.62,0.75
388,13-Feb,272614,57,1631,268929,133,2054,0,2113549,1900,12.90,98.65,0.75
389,14-Feb,272718,104,1604,269060,131,2054,0,2117050,3501,12.88,98.66,0.75
390,15-Feb,272840,122,1581,269204,144,2055,1,2120591,3541,12.87,98.67,0.75
391,16-Feb,272945,105,1587,269303,99,2055,0,2123951,3360,12.85,98.67,0.75
392,17-Feb,273070,125,1621,269394,91,2055,0,2127789,3838,12.83,98.65,0.75
393,18-Feb,273166,96,1603,269505,111,2058,3,2131330,3541,12.82,98.66,0.75
394,19-Feb,273263,97,1583,269619,114,2061,3,2134261,2931,12.80,98.67,0.75
395,20-Feb,273351,88,1535,269755,136,2061,0,2136309,2048,12.80,98.68,0.75
396,21-Feb,273431,80,1494,269876,121,2061,0,2139634,3325,12.78,98.70,0.75
397,22-Feb,273556,125,1529,269966,90,2061,0,2143315,3681,12.76,98.69,0.75
398,23-Feb,273666,110,1533,270068,102,2065,4,2146533,3218,12.75,98.69,0.75
399,24-Feb,273760,94,937,270139,71,2684,619,2150225,3692,12.73,98.68,0.98
400,25-Feb,273872,112,964,270223,84,2685,1,2153636,3411,12.72,98.67,0.98
401,26-Feb,273984,112,936,270277,54,2771,86,2157580,3944,12.70,98.65,1.01
402,27-Feb,274065,81,967,270325,48,2773,2,2160404,2824,12.69,98.64,1.01
403,28-Feb,274143,78,962,270407,82,2774,1,2162936,2532,12.67,98.64,1.01
404,1-Mar,274216,73,968,270471,64,2777,3,2165985,3049,12.66,98.63,1.01
405,2-Mar,274294,78,974,270543,72,2777,0,2170112,4127,12.64,98.63,1.01
406,3-Mar,274381,87,998,270605,62,2778,1,2173511,3399,12.62,98.62,1.01
407,4-Mar,274488,107,1027,270683,78,2778,0,2179047,5536,12.60,98.61,1.01
408,5-Mar,274608,120,832,270766,83,3010,232,2185190,6143,12.57,98.60,1.10
409,6-Mar,274655,47,817,270828,62,3010,0,2188725,3535,12.55,98.61,1.10
410,7-Mar,274721,66,825,270886,58,3010,0,2192836,4111,12.53,98.60,1.10
411,8-Mar,274810,89,872,270927,41,3011,1,2197235,4399,12.51,98.59,1.10
412,9-Mar,274869,59,870,270987,60,3012,1,2199950,2715,12.49,98.59,1.10
413,10-Mar,274973,104,911,271050,63,3012,0,2203438,3488,12.48,98.57,1.10
414,11-Mar,275070,97,942,271116,66,3012,0,2207922,4484,12.46,98.56,1.09
415,12-Mar,275118,48,989,271117,1,3012,0,2210434,2512,12.45,98.55,1.09
416,13-Mar,275178,60,915,271249,132,3014,2,2212796,2362,12.44,98.57,1.10
417,14-Mar,275231,53,891,271326,77,3014,0,2215411,2615,12.42,98.58,1.10
418,15-Mar,275310,79,895,271401,75,3014,0,2218722,3311,12.41,98.58,1.09
419,16-Mar,275424,114,915,271495,94,3014,0,2221512,2790,12.40,98.57,1.09
420,17-Mar,275518,94,954,271550,55,3014,0,2224293,2781,12.39,98.56,1.09
421,18-Mar,275625,107,1000,271610,60,3015,1,2227547,3254,12.37,98.54,1.09
422,19-Mar,275750,125,1001,271733,123,3016,1,2230708,3161,12.36,98.54,1.09
423,20-Mar,275829,79,998,271815,82,3016,0,2233345,2637,12.35,98.54,1.09
424,21-Mar,275906,77,969,271921,106,3016,0,2236526,3181,12.34,98.56,1.09
425,22-Mar,276056,150,1017,272020,99,3019,3,2240998,4472,12.32,98.54,1.09
426,23-Mar,276244,188,1128,272097,77,3019,0,2245030,4032,12.30,98.50,1.09
427,24-Mar,276389,145,1182,272187,90,3020,1,2248993,3963,12.29,98.48,1.09
428,25-Mar,276509,120,1217,272272,85,3020,0,2251884,2891,12.28,98.47,1.09
429,26-Mar,276665,156,1299,272342,70,3024,4,2256300,4416,12.26,98.44,1.09
430,27-Mar,276750,85,1288,272435,93,3027,3,2259045,2745,12.25,98.44,1.09
431,28-Mar,276839,89,1282,272530,95,3027,0,2261146,2101,12.24,98.44,1.09
432,29-Mar,276980,141,1341,272612,82,3027,0,2264268,3122,12.23,98.42,1.09
433,30-Mar,277147,167,1390,272727,115,3030,3,2267408,3140,12.22,98.41,1.09
434,31-Mar,277309,162,1493,272786,59,3030,0,2271327,3919,12.21,98.37,1.09
435,1-Apr,277461,152,1579,272851,65,3031,1,2275540,4213,12.19,98.34,1.09
436,2-Apr,277640,179,1647,272962,111,3031,0,2279105,3565,12.18,98.32,1.09
437,3-Apr,277768,128,1613,273123,161,3032,1,2281832,2727,12.17,98.33,1.09
438,4-Apr,277944,176,1672,273240,117,3032,0,2285288,3456,12.16,98.31,1.09
439,5-Apr,278210,266,1832,273342,102,3036,4,2289824,4536,12.15,98.25,1.09
440,6-Apr,278470,260,1979,273455,113,3036,0,2294067,4243,12.14,98.20,1.09
441,7-Apr,278768,298,2201,273529,74,3038,2,2298167,4100,12.13,98.12,1.09
442,8-Apr,279100,332,2454,273608,79,3038,0,2302173,4006,12.12,98.03,1.09
443,9-Apr,279388,288,2615,273735,127,3038,0,2306244,4071,12.11,97.98,1.09
444,10-Apr,279725,337,2800,273886,151,3039,1,2309776,3532,12.11,97.91,1.09
445,11-Apr,280028,303,2961,274027,141,3040,1,2312901,3125,12.11,97.86,1.09
446,12-Apr,280524,496,3306,274165,138,3053,13,2317284,4383,12.11,97.73,1.09
447,13-Apr,280984,460,3608,274318,153,3058,5,2321670,4386,12.10,97.63,1.09
448,14-Apr,281564,580,4056,274447,129,3061,3,2325959,4289,12.11,97.47,1.09
449,15-Apr,282054,490,4384,274604,157,3066,5,2329547,3588,12.11,97.36,1.09
450,16-Apr,282890,836,5008,274812,208,3070,4,2335084,5537,12.11,97.14,1.09
451,17-Apr,283658,768,5545,275038,226,3075,5,2340417,5333,12.12,96.96,1.08
452,18-Apr,284673,1015,6290,275300,262,3083,8,2345501,5084,12.14,96.71,1.08
453,19-Apr,285900,1227,7254,275555,255,3091,8,2352502,7001,12.15,96.38,1.08
454,20-Apr,287567,1667,8659,275806,251,3102,11,2360557,8055,12.18,95.91,1.08
455,21-Apr,289787,2220,10582,276093,287,3112,10,2369401,8844,12.23,95.27,1.07
456,22-Apr,292152,2365,12690,276345,252,3117,5,2379402,10001,12.28,94.59,1.07
457,23-Apr,294601,2449,14724,276755,410,3122,5,2388200,8798,12.34,93.94,1.06
458,24-Apr,297087,2486,16828,277123,368,3136,14,2395725,7525,12.40,93.28,1.06
459,25-Apr,300119,3032,19382,277573,450,3164,28,2405017,9292,12.48,92.49,1.05
460,26-Apr,303561,3442,22434,277951,378,3176,12,2417417,12400,12.56,91.56,1.05
461,27-Apr,307925,4364,26225,278506,555,3194,18,2432089,14672,12.66,90.45,1.04
462,28-Apr,312699,4774,30209,279279,773,3211,17,2445968,13879,12.78,89.31,1.03
463,29-Apr,317530,4831,34117,280167,888,3246,35,2458565,12597,12.92,88.23,1.02
464,30-Apr,323187,5657,38813,281095,928,3279,33,2473956,15391,13.06,86.98,1.01
465,1-May,328893,5706,43213,282382,1287,3298,19,2488359,14403,13.22,85.86,1.00
466,2-May,336030,7137,48711,283994,1612,3325,27,2504476,16117,13.42,84.51,0.99
467,3-May,343418,7388,54041,286015,2021,3362,37,2521164,16688,13.62,83.28,0.98
468,4-May,351005,7587,59798,287790,1775,3417,55,2537295,16131,13.83,81.99,0.97
469,5-May,359610,8605,66352,289783,1993,3475,58,2558051,20756,14.06,80.58,0.97
470,6-May,368580,8970,72561,292490,2707,3529,54,2578418,20367,14.29,79.36,0.96
471,7-May,377603,9023,78629,295395,2905,3579,50,2598405,19987,14.53,78.23,0.95
472,8-May,385890,8287,83493,298765,3370,3632,53,2615720,17315,14.75,77.42,0.94
473,9-May,394667,8777,88160,302787,4022,3720,88,2634504,18784,14.98,76.72,0.94
474,10-May,403794,9127,93141,306794,4007,3859,139,2652130,17626,15.23,75.98,0.96
475,11-May,413111,9317,97008,312019,5225,4084,225,2672726,20596,15.46,75.53,0.99
476,12-May,422349,9238,101634,316463,4444,4252,168,2693088,20362,15.68,74.93,1.01
477,13-May,431191,8842,105207,321518,5055,4466,214,2712562,19474,15.90,74.57,1.04
478,14-May,439658,8467,107336,327653,6135,4669,203,2733510,20948,16.08,74.52,1.06
479,15-May,447704,8046,109740,333108,5455,4856,187,2751481,17971,16.27,74.40,1.08
480,16-May,455020,7316,110263,339756,6648,5001,145,2770980,19499,16.42,74.67,1.10
481,17-May,464218,9198,113480,345523,5767,5215,214,2792673,21693,16.62,74.43,1.12
482,18-May,472354,8136,114529,352414,6891,5411,196,2812959,20286,16.79,74.61,1.15
483,19-May,480418,8064,114358,360403,7989,5657,246,2834098,21139,16.95,75.02,1.18
484,20-May,488645,8227,115852,366946,6543,5847,190,2855793,21695,17.11,75.09,1.20
485,21-May,497052,8407,116192,374836,7890,6024,177,2878146,22353,17.27,75.41,1.21
486,22-May,505643,8591,115806,383684,8848,6153,129,2897503,19357,17.45,75.88,1.22
487,23-May,513241,7598,115547,391348,7664,6346,193,2916468,18965,17.60,76.25,1.24
488,24-May,520461,7220,115447,398483,7135,6531,185,2936314,19846,17.72,76.56,1.25
489,25-May,528848,8387,117261,404887,6404,6700,169,2958620,22306,17.87,76.56,1.27
490,26-May,535525,6677,117077,411603,6716,6845,145,2977650,19030,17.98,76.86,1.28
491,27-May,542256,6731,116476,418829,7226,6951,106,2998064,20414,18.09,77.24,1.28
492,28-May,549111,6855,113394,428670,9841,7047,96,3017377,19313,18.20,78.07,1.28
493,29-May,553422,4311,111509,434750,6080,7163,116,3031383,14006,18.26,78.56,1.29
494,30-May,557124,3702,108897,440955,6205,7272,109,3042369,10986,18.31,79.15,1.31
495,31-May,561302,4178,106470,447446,6491,7386,114,3057424,15055,18.36,79.72,1.32
